사이트,회사명,제목,링크
사람인,(주)지란지교에스앤씨,시스템취약점점검 솔루션 컨설턴트(엔지니어) 채용(신입/경력),https://www.saramin.co.kr/zf_user/jobs/relay/view?view_type=search&rec_idx=53979748&location=ts&searchword=%EC%B7%A8%EC%95%BD%EC%A0%90&searchType=search&paid_fl=n&search_uuid=93c61460-f972-45ed-b9c3-31fc59f03dd4
사람인,(주)하나금융티아이,[하나금융TI]취약점점검,https://www.saramin.co.kr/zf_user/jobs/relay/view?view_type=search&rec_idx=53964959&location=ts&searchword=%EC%B7%A8%EC%95%BD%EC%A0%90&searchType=search&paid_fl=n&search_uuid=93c61460-f972-45ed-b9c3-31fc59f03dd4
사람인,넷마블(주),취약점진단 및 모의해킹 담당자,https://www.saramin.co.kr/zf_user/jobs/relay/view?view_type=search&rec_idx=53914412&location=ts&searchword=%EC%B7%A8%EC%95%BD%EC%A0%90&searchType=search&paid_fl=n&search_uuid=93c61460-f972-45ed-b9c3-31fc59f03dd4
사람인,(주)이글루코퍼레이션,[보안관제센터]취약점진단 및 모의해킹 경력 채용,https://www.saramin.co.kr/zf_user/jobs/relay/view?view_type=search&rec_idx=54028543&location=ts&searchword=%EC%B7%A8%EC%95%BD%EC%A0%90&searchType=search&paid_fl=n&search_uuid=93c61460-f972-45ed-b9c3-31fc59f03dd4
사람인,(주)케이티알파,"정보보호(모의해킹/취약점진단, 침해사고대응)",https://www.saramin.co.kr/zf_user/jobs/relay/view?view_type=search&rec_idx=54062336&location=ts&searchword=%EC%B7%A8%EC%95%BD%EC%A0%90&searchType=search&paid_fl=n&search_uuid=93c61460-f972-45ed-b9c3-31fc59f03dd4
사람인,에스케이쉴더스(주),취약점진단 경력직 채용(한국은행 근무),https://www.saramin.co.kr/zf_user/jobs/relay/view?view_type=search&rec_idx=54014100&location=ts&searchword=%EC%B7%A8%EC%95%BD%EC%A0%90&searchType=search&paid_fl=n&search_uuid=93c61460-f972-45ed-b9c3-31fc59f03dd4
사람인,에스케이쉴더스(주),취약점진단 경력직 채용(세종),https://www.saramin.co.kr/zf_user/jobs/relay/view?view_type=search&rec_idx=53998462&location=ts&searchword=%EC%B7%A8%EC%95%BD%EC%A0%90&searchType=search&paid_fl=n&search_uuid=93c61460-f972-45ed-b9c3-31fc59f03dd4
사람인,(주)클라우드네트웍스,[클라우드네트웍스]취약점솔루션(Qualys) 엔지니어 경력 채용,https://www.saramin.co.kr/zf_user/jobs/relay/view?view_type=search&rec_idx=53697492&location=ts&searchword=%EC%B7%A8%EC%95%BD%EC%A0%90&searchType=search&paid_fl=n&search_uuid=93c61460-f972-45ed-b9c3-31fc59f03dd4
사람인,씨엠티정보통신(주),"CMT정보통신 26년 경력직 채용(EDR,취약점분석,SOAR)",https://www.saramin.co.kr/zf_user/jobs/relay/view?view_type=search&rec_idx=53631658&location=ts&searchword=%EC%B7%A8%EC%95%BD%EC%A0%90&searchType=search&paid_fl=n&search_uuid=93c61460-f972-45ed-b9c3-31fc59f03dd4
사람인,(주)에스케어,"IT보안 위협/취약점관리(CVE,CCE,Mitre ATTaCK) & N/W 엔지니어",https://www.saramin.co.kr/zf_user/jobs/relay/view?view_type=search&rec_idx=53988175&location=ts&searchword=%EC%B7%A8%EC%95%BD%EC%A0%90&searchType=search&paid_fl=n&search_uuid=93c61460-f972-45ed-b9c3-31fc59f03dd4
사람인,(주)스틸리언,[스틸리언] IT 인프라 보안취약점진단 (보안컨설팅팀),https://www.saramin.co.kr/zf_user/jobs/relay/view?view_type=search&rec_idx=54047652&location=ts&searchword=%EC%B7%A8%EC%95%BD%EC%A0%90&searchType=search&paid_fl=n&search_uuid=93c61460-f972-45ed-b9c3-31fc59f03dd4
사람인,(주)인정보,(주)인정보 - IT인프라시스템보안취약점,https://www.saramin.co.kr/zf_user/jobs/relay/view?view_type=search&rec_idx=54076752&location=ts&searchword=%EC%B7%A8%EC%95%BD%EC%A0%90&searchType=search&paid_fl=n&search_uuid=93c61460-f972-45ed-b9c3-31fc59f03dd4
사람인,(주)이지스아이티,[26년]보안컨설팅 관리 및 기술취약점진단 신입/경력 채용,https://www.saramin.co.kr/zf_user/jobs/relay/view?view_type=search&rec_idx=53689263&location=ts&searchword=%EC%B7%A8%EC%95%BD%EC%A0%90&searchType=search&paid_fl=n&search_uuid=93c61460-f972-45ed-b9c3-31fc59f03dd4
사람인,포트릭스(주),"[신입, 경력] 모의해킹 및 인프라취약점진단",https://www.saramin.co.kr/zf_user/jobs/relay/view?view_type=search&rec_idx=53942490&location=ts&searchword=%EC%B7%A8%EC%95%BD%EC%A0%90&searchType=search&paid_fl=n&search_uuid=93c61460-f972-45ed-b9c3-31fc59f03dd4
사람인,한국정보보안원,"[정규직] 개인정보 및 정보보호 컨설팅,취약점진단",https://www.saramin.co.kr/zf_user/jobs/relay/view?view_type=search&rec_idx=53898956&location=ts&searchword=%EC%B7%A8%EC%95%BD%EC%A0%90&searchType=search&paid_fl=n&search_uuid=93c61460-f972-45ed-b9c3-31fc59f03dd4
사람인,에스피씨지,[(주)에스피씨지] 인프라취약점진단 신입 및 경력직 채용,https://www.saramin.co.kr/zf_user/jobs/relay/view?view_type=search&rec_idx=54028603&location=ts&searchword=%EC%B7%A8%EC%95%BD%EC%A0%90&searchType=search&paid_fl=n&search_uuid=93c61460-f972-45ed-b9c3-31fc59f03dd4
사람인,(주)써니즈,[써니즈][IT정보보안]기술적(웹/앱/인프라)취약점진단 컨설턴트,https://www.saramin.co.kr/zf_user/jobs/relay/view?view_type=search&rec_idx=54037169&location=ts&searchword=%EC%B7%A8%EC%95%BD%EC%A0%90&searchType=search&paid_fl=n&search_uuid=93c61460-f972-45ed-b9c3-31fc59f03dd4
사람인,(주)인더포레스트,"[보안 컨설팅] 수준높은취약점진단, 모의해킹 컨설팅",https://www.saramin.co.kr/zf_user/jobs/relay/view?view_type=search&rec_idx=53611715&location=ts&searchword=%EC%B7%A8%EC%95%BD%EC%A0%90&searchType=search&paid_fl=n&search_uuid=93c61460-f972-45ed-b9c3-31fc59f03dd4
사람인,(주)에버스핀,취약점분석 및 정보보안 모의해킹 컨설턴트 채용,https://www.saramin.co.kr/zf_user/jobs/relay/view?view_type=search&rec_idx=54040941&location=ts&searchword=%EC%B7%A8%EC%95%BD%EC%A0%90&searchType=search&paid_fl=n&search_uuid=93c61460-f972-45ed-b9c3-31fc59f03dd4
사람인,한국아이티진흥(주),정보보안취약점점검 (경력) 채용 - 김천,https://www.saramin.co.kr/zf_user/jobs/relay/view?view_type=search&rec_idx=53738771&location=ts&searchword=%EC%B7%A8%EC%95%BD%EC%A0%90&searchType=search&paid_fl=n&search_uuid=93c61460-f972-45ed-b9c3-31fc59f03dd4
사람인,엔에이치엔케이씨피,[NHN KCP] 보안취약점진단 및 관리 담당(2~5년),https://www.saramin.co.kr/zf_user/jobs/relay/view?view_type=search&rec_idx=53880019&location=ts&searchword=%EC%B7%A8%EC%95%BD%EC%A0%90&searchType=search&paid_fl=n&search_uuid=93c61460-f972-45ed-b9c3-31fc59f03dd4
사람인,(주)나일소프트,국내영업(보안취약점/ 로그분석) 신입&경력 채용,https://www.saramin.co.kr/zf_user/jobs/relay/view?view_type=search&rec_idx=54048563&location=ts&searchword=%EC%B7%A8%EC%95%BD%EC%A0%90&searchType=search&paid_fl=n&search_uuid=93c61460-f972-45ed-b9c3-31fc59f03dd4
사람인,(주)나일소프트,보안제품 개발/보안취약점분석 신입&경력 채용,https://www.saramin.co.kr/zf_user/jobs/relay/view?view_type=search&rec_idx=54048367&location=ts&searchword=%EC%B7%A8%EC%95%BD%EC%A0%90&searchType=search&paid_fl=n&search_uuid=93c61460-f972-45ed-b9c3-31fc59f03dd4
사람인,(주)나일소프트,보안제품 기술지원 엔지니어(보안취약점/로그분석 )신입 & 경력,https://www.saramin.co.kr/zf_user/jobs/relay/view?view_type=search&rec_idx=54048992&location=ts&searchword=%EC%B7%A8%EC%95%BD%EC%A0%90&searchType=search&paid_fl=n&search_uuid=93c61460-f972-45ed-b9c3-31fc59f03dd4
사람인,씨엠티정보통신(주),관제센터 웹 및 정보시스템취약점진단 CERT 모집(세종),https://www.saramin.co.kr/zf_user/jobs/relay/view?view_type=search&rec_idx=53675136&location=ts&searchword=%EC%B7%A8%EC%95%BD%EC%A0%90&searchType=search&paid_fl=n&search_uuid=93c61460-f972-45ed-b9c3-31fc59f03dd4
사람인,한경정보기술(주),[정규직][경북·경남]취약점점검 서버·네트워크 운영인력 모집,https://www.saramin.co.kr/zf_user/jobs/relay/view?view_type=search&rec_idx=53833984&location=ts&searchword=%EC%B7%A8%EC%95%BD%EC%A0%90&searchType=search&paid_fl=n&search_uuid=93c61460-f972-45ed-b9c3-31fc59f03dd4
사람인,(주)아도스,모의해킹/취약점진단 경력직 채용,https://www.saramin.co.kr/zf_user/jobs/relay/view?view_type=search&rec_idx=53980268&location=ts&searchword=%EC%B7%A8%EC%95%BD%EC%A0%90&searchType=search&paid_fl=n&search_uuid=93c61460-f972-45ed-b9c3-31fc59f03dd4
사람인,주식회사 티시스 아이티,보안진단(취약점진단/보안성검토),https://www.saramin.co.kr/zf_user/jobs/relay/view?view_type=search&rec_idx=53851328&location=ts&searchword=%EC%B7%A8%EC%95%BD%EC%A0%90&searchType=search&paid_fl=n&search_uuid=93c61460-f972-45ed-b9c3-31fc59f03dd4
사람인,HR컨설팅(주),취약점진단 및 보안관제 CERT 경력(그룹사),https://www.saramin.co.kr/zf_user/jobs/relay/view?view_type=search&rec_idx=54096994&location=ts&searchword=%EC%B7%A8%EC%95%BD%EC%A0%90&searchType=search&paid_fl=n&search_uuid=93c61460-f972-45ed-b9c3-31fc59f03dd4
사람인,제노솔루션(주),[제노솔루션] 모의해킹 /취약점점검 경력 채용,https://www.saramin.co.kr/zf_user/jobs/relay/view?view_type=search&rec_idx=53904743&location=ts&searchword=%EC%B7%A8%EC%95%BD%EC%A0%90&searchType=search&paid_fl=n&search_uuid=93c61460-f972-45ed-b9c3-31fc59f03dd4
사람인,(주)에이치알비즈코리아,[정보보안 분석] 보안취약점점검 및 조치 이행/세계적게임사,https://www.saramin.co.kr/zf_user/jobs/relay/view?view_type=search&rec_idx=54037613&location=ts&searchword=%EC%B7%A8%EC%95%BD%EC%A0%90&searchType=search&paid_fl=n&search_uuid=93c61460-f972-45ed-b9c3-31fc59f03dd4
사람인,(주) 케인앤클루컨설팅,보안취약점진단 사원(대리)급 경력사원 모집,https://www.saramin.co.kr/zf_user/jobs/relay/view?view_type=search&rec_idx=54092511&location=ts&searchword=%EC%B7%A8%EC%95%BD%EC%A0%90&searchType=search&paid_fl=n&search_uuid=93c61460-f972-45ed-b9c3-31fc59f03dd4
사람인,탑커리어인사이트,보안취약점진단(Frida) / IT서비스기업 [대리급],https://www.saramin.co.kr/zf_user/jobs/relay/view?view_type=search&rec_idx=54027310&location=ts&searchword=%EC%B7%A8%EC%95%BD%EC%A0%90&searchType=search&paid_fl=n&search_uuid=93c61460-f972-45ed-b9c3-31fc59f03dd4
사람인,그레이스앤파트너스(주),보안진단(취약점진단/보안성검토)/(3~ 8년) - 금융그룹 ICT,https://www.saramin.co.kr/zf_user/jobs/relay/view?view_type=search&rec_idx=54057235&location=ts&searchword=%EC%B7%A8%EC%95%BD%EC%A0%90&searchType=search&paid_fl=n&search_uuid=93c61460-f972-45ed-b9c3-31fc59f03dd4
사람인,엠케이에스코리아(유),엠케이에스코리아(유)|아토텍코리아㈜ 각 부문 경력/신입 채용,https://www.saramin.co.kr/zf_user/jobs/relay/view?view_type=search&rec_idx=53887168&location=ts&searchword=%EC%B7%A8%EC%95%BD%EC%A0%90&searchType=search&paid_fl=n&search_uuid=93c61460-f972-45ed-b9c3-31fc59f03dd4
사람인,(주)엘아이지시스템,LIG시스템 각 부문별 신입/경력직 채용,https://www.saramin.co.kr/zf_user/jobs/relay/view?view_type=search&rec_idx=53903007&location=ts&searchword=%EC%B7%A8%EC%95%BD%EC%A0%90&searchType=search&paid_fl=n&search_uuid=93c61460-f972-45ed-b9c3-31fc59f03dd4
사람인,(주)에이치엘클레무브,'26 신입/경력 채용 (R&D(전문연구요원 포함)/품질/IT/시설안전),https://www.saramin.co.kr/zf_user/jobs/relay/view?view_type=search&rec_idx=54088303&location=ts&searchword=%EC%B7%A8%EC%95%BD%EC%A0%90&searchType=search&paid_fl=n&search_uuid=93c61460-f972-45ed-b9c3-31fc59f03dd4
사람인,(주)엘지씨엔에스,[LG CNS] 보안 분야 전 영역 전문가 모집(경력),https://www.saramin.co.kr/zf_user/jobs/relay/view?view_type=search&rec_idx=53947937&location=ts&searchword=%EC%B7%A8%EC%95%BD%EC%A0%90&searchType=search&paid_fl=n&search_uuid=93c61460-f972-45ed-b9c3-31fc59f03dd4
사람인,(주)아이센스,2026년 상반기 아이센스 대규모채용,https://www.saramin.co.kr/zf_user/jobs/relay/view?view_type=search&rec_idx=53817816&location=ts&searchword=%EC%B7%A8%EC%95%BD%EC%A0%90&searchType=search&paid_fl=n&search_uuid=93c61460-f972-45ed-b9c3-31fc59f03dd4
사람인,(주)윈스테크넷,클라우드 시큐리티 스쿨 교육생 모집 (부산),https://www.saramin.co.kr/zf_user/jobs/relay/view?view_type=search&rec_idx=53989789&location=ts&searchword=%EC%B7%A8%EC%95%BD%EC%A0%90&searchType=search&paid_fl=n&search_uuid=93c61460-f972-45ed-b9c3-31fc59f03dd4
사람인,(주)싸이버원,[싸이버원]모의해킹정보보호 컨설팅 신입/경력 채용,https://www.saramin.co.kr/zf_user/jobs/relay/view?view_type=search&rec_idx=53888971&location=ts&searchword=%EB%AA%A8%EC%9D%98%ED%95%B4%ED%82%B9&searchType=search&paid_fl=n&search_uuid=bfa633a1-6c2e-4134-a82c-be27278626cf
사람인,(주)핀시큐리티,정보보안 컨설팅모의해킹채용[신입],https://www.saramin.co.kr/zf_user/jobs/relay/view?view_type=search&rec_idx=54023300&location=ts&searchword=%EB%AA%A8%EC%9D%98%ED%95%B4%ED%82%B9&searchType=search&paid_fl=n&search_uuid=bfa633a1-6c2e-4134-a82c-be27278626cf
사람인,넷마블(주),취약점 진단 및모의해킹담당자,https://www.saramin.co.kr/zf_user/jobs/relay/view?view_type=search&rec_idx=53914412&location=ts&searchword=%EB%AA%A8%EC%9D%98%ED%95%B4%ED%82%B9&searchType=search&paid_fl=n&search_uuid=bfa633a1-6c2e-4134-a82c-be27278626cf
사람인,(주)시큐어코퍼,보안컨설팅 /모의해킹분야 모집 공고,https://www.saramin.co.kr/zf_user/jobs/relay/view?view_type=search&rec_idx=53785487&location=ts&searchword=%EB%AA%A8%EC%9D%98%ED%95%B4%ED%82%B9&searchType=search&paid_fl=n&search_uuid=bfa633a1-6c2e-4134-a82c-be27278626cf
사람인,포트릭스(주),"[신입, 경력]모의해킹및 인프라 취약점 진단",https://www.saramin.co.kr/zf_user/jobs/relay/view?view_type=search&rec_idx=53942490&location=ts&searchword=%EB%AA%A8%EC%9D%98%ED%95%B4%ED%82%B9&searchType=search&paid_fl=n&search_uuid=bfa633a1-6c2e-4134-a82c-be27278626cf
사람인,(주)시큐어루트,모의해킹연간 상주(이천) 컨설턴트 모집(경력/프리랜서),https://www.saramin.co.kr/zf_user/jobs/relay/view?view_type=search&rec_idx=54080045&location=ts&searchword=%EB%AA%A8%EC%9D%98%ED%95%B4%ED%82%B9&searchType=search&paid_fl=n&search_uuid=bfa633a1-6c2e-4134-a82c-be27278626cf
사람인,(주)케이알시큐리티,(신입/경력) 오펜시브모의해킹,https://www.saramin.co.kr/zf_user/jobs/relay/view?view_type=search&rec_idx=53709795&location=ts&searchword=%EB%AA%A8%EC%9D%98%ED%95%B4%ED%82%B9&searchType=search&paid_fl=n&search_uuid=bfa633a1-6c2e-4134-a82c-be27278626cf
사람인,(주)인더포레스트,"[보안 컨설팅] 수준높은 취약점 진단,모의해킹컨설팅",https://www.saramin.co.kr/zf_user/jobs/relay/view?view_type=search&rec_idx=53611715&location=ts&searchword=%EB%AA%A8%EC%9D%98%ED%95%B4%ED%82%B9&searchType=search&paid_fl=n&search_uuid=bfa633a1-6c2e-4134-a82c-be27278626cf
사람인,(주)이글루코퍼레이션,[보안관제센터] 취약점진단 및모의해킹경력 채용,https://www.saramin.co.kr/zf_user/jobs/relay/view?view_type=search&rec_idx=54028543&location=ts&searchword=%EB%AA%A8%EC%9D%98%ED%95%B4%ED%82%B9&searchType=search&paid_fl=n&search_uuid=bfa633a1-6c2e-4134-a82c-be27278626cf
사람인,(주)케이티알파,"정보보호(모의해킹/취약점진단, 침해사고대응)",https://www.saramin.co.kr/zf_user/jobs/relay/view?view_type=search&rec_idx=54062336&location=ts&searchword=%EB%AA%A8%EC%9D%98%ED%95%B4%ED%82%B9&searchType=search&paid_fl=n&search_uuid=bfa633a1-6c2e-4134-a82c-be27278626cf
사람인,(주)지엔,모의해킹및 보안 컨설턴트 신입/경력,https://www.saramin.co.kr/zf_user/jobs/relay/view?view_type=search&rec_idx=53848795&location=ts&searchword=%EB%AA%A8%EC%9D%98%ED%95%B4%ED%82%B9&searchType=search&paid_fl=n&search_uuid=bfa633a1-6c2e-4134-a82c-be27278626cf
사람인,(주)씨드젠,[신입/경력]인프라 진단 및모의해킹컨설턴트 채용,https://www.saramin.co.kr/zf_user/jobs/relay/view?view_type=search&rec_idx=53888586&location=ts&searchword=%EB%AA%A8%EC%9D%98%ED%95%B4%ED%82%B9&searchType=search&paid_fl=n&search_uuid=bfa633a1-6c2e-4134-a82c-be27278626cf
사람인,(주)글로벌에잇,[신입/경력] 보안 컨설팅(모의해킹/관리체계),https://www.saramin.co.kr/zf_user/jobs/relay/view?view_type=search&rec_idx=53832396&location=ts&searchword=%EB%AA%A8%EC%9D%98%ED%95%B4%ED%82%B9&searchType=search&paid_fl=n&search_uuid=bfa633a1-6c2e-4134-a82c-be27278626cf
사람인,(주)에프원시큐리티,모의해킹신입 및 경력직 채용 공고,https://www.saramin.co.kr/zf_user/jobs/relay/view?view_type=search&rec_idx=54090734&location=ts&searchword=%EB%AA%A8%EC%9D%98%ED%95%B4%ED%82%B9&searchType=search&paid_fl=n&search_uuid=bfa633a1-6c2e-4134-a82c-be27278626cf
사람인,(주)이노시큐리티,이노시큐리티 보안컨설턴트 모집(관리/기술/모의해킹),https://www.saramin.co.kr/zf_user/jobs/relay/view?view_type=search&rec_idx=53998114&location=ts&searchword=%EB%AA%A8%EC%9D%98%ED%95%B4%ED%82%B9&searchType=search&paid_fl=n&search_uuid=bfa633a1-6c2e-4134-a82c-be27278626cf
사람인,(주)에버스핀,취약점 분석 및 정보보안모의해킹컨설턴트 채용,https://www.saramin.co.kr/zf_user/jobs/relay/view?view_type=search&rec_idx=54040941&location=ts&searchword=%EB%AA%A8%EC%9D%98%ED%95%B4%ED%82%B9&searchType=search&paid_fl=n&search_uuid=bfa633a1-6c2e-4134-a82c-be27278626cf
사람인,(주)에이쓰리시큐리티,A3SECURITY 컨설턴트 모집(모의해킹) 경력 5년 이상,https://www.saramin.co.kr/zf_user/jobs/relay/view?view_type=search&rec_idx=53864835&location=ts&searchword=%EB%AA%A8%EC%9D%98%ED%95%B4%ED%82%B9&searchType=search&paid_fl=n&search_uuid=bfa633a1-6c2e-4134-a82c-be27278626cf
사람인,(주)에이아이스페라,AI Spera [레드팀]모의해킹& OSINT 분석 채용,https://www.saramin.co.kr/zf_user/jobs/relay/view?view_type=search&rec_idx=53915624&location=ts&searchword=%EB%AA%A8%EC%9D%98%ED%95%B4%ED%82%B9&searchType=search&paid_fl=n&search_uuid=bfa633a1-6c2e-4134-a82c-be27278626cf
사람인,(주)아도스,모의해킹/ 취약점 진단 경력직 채용,https://www.saramin.co.kr/zf_user/jobs/relay/view?view_type=search&rec_idx=53980268&location=ts&searchword=%EB%AA%A8%EC%9D%98%ED%95%B4%ED%82%B9&searchType=search&paid_fl=n&search_uuid=bfa633a1-6c2e-4134-a82c-be27278626cf
사람인,(주)핀시큐리티,정보보안 컨설팅모의해킹채용[경력],https://www.saramin.co.kr/zf_user/jobs/relay/view?view_type=search&rec_idx=54023320&location=ts&searchword=%EB%AA%A8%EC%9D%98%ED%95%B4%ED%82%B9&searchType=search&paid_fl=n&search_uuid=bfa633a1-6c2e-4134-a82c-be27278626cf
사람인,제노솔루션(주),[제노솔루션]모의해킹/ 취약점 점검 경력 채용,https://www.saramin.co.kr/zf_user/jobs/relay/view?view_type=search&rec_idx=53904743&location=ts&searchword=%EB%AA%A8%EC%9D%98%ED%95%B4%ED%82%B9&searchType=search&paid_fl=n&search_uuid=bfa633a1-6c2e-4134-a82c-be27278626cf
사람인,(주)시니어앤파트너즈,"[위례] 웹,앱모의해킹(경력)",https://www.saramin.co.kr/zf_user/jobs/relay/view?view_type=search&rec_idx=54068137&location=ts&searchword=%EB%AA%A8%EC%9D%98%ED%95%B4%ED%82%B9&searchType=search&paid_fl=n&search_uuid=bfa633a1-6c2e-4134-a82c-be27278626cf
사람인,(주)윈스테크넷,클라우드 시큐리티 스쿨 교육생 모집 (부산),https://www.saramin.co.kr/zf_user/jobs/relay/view?view_type=search&rec_idx=53989789&location=ts&searchword=%EB%AA%A8%EC%9D%98%ED%95%B4%ED%82%B9&searchType=search&paid_fl=n&search_uuid=bfa633a1-6c2e-4134-a82c-be27278626cf
사람인,데상트코리아(주),각 부문별 경력사원 모집,https://www.saramin.co.kr/zf_user/jobs/relay/view?view_type=search&rec_idx=54089056&location=ts&searchword=%EB%AA%A8%EC%9D%98%ED%95%B4%ED%82%B9&searchType=search&paid_fl=n&search_uuid=bfa633a1-6c2e-4134-a82c-be27278626cf
사람인,대구경북과학기술원부설한국뇌연구원,2026년도 제3차 한국뇌연구원 직원(계약직) 공개채용 공고,https://www.saramin.co.kr/zf_user/jobs/relay/view?view_type=search&rec_idx=54040550&location=ts&searchword=%EB%AA%A8%EC%9D%98%ED%95%B4%ED%82%B9&searchType=search&paid_fl=n&search_uuid=bfa633a1-6c2e-4134-a82c-be27278626cf
사람인,(주)엘지씨엔에스,[LG CNS] 보안 분야 전 영역 전문가 모집(경력),https://www.saramin.co.kr/zf_user/jobs/relay/view?view_type=search&rec_idx=53947937&location=ts&searchword=%EB%AA%A8%EC%9D%98%ED%95%B4%ED%82%B9&searchType=search&paid_fl=n&search_uuid=bfa633a1-6c2e-4134-a82c-be27278626cf
사람인,(주)수산아이앤티,[수산그룹]수산INT 개발직군 채용(백엔드/서비스기획/QA엔지니어 등),https://www.saramin.co.kr/zf_user/jobs/relay/view?view_type=search&rec_idx=53930400&location=ts&searchword=%EB%AA%A8%EC%9D%98%ED%95%B4%ED%82%B9&searchType=search&paid_fl=n&search_uuid=bfa633a1-6c2e-4134-a82c-be27278626cf
사람인,(주)안랩,[안랩] 2026 연구소 집중 채용,https://www.saramin.co.kr/zf_user/jobs/relay/view?view_type=search&rec_idx=54076392&location=ts&searchword=%EB%AA%A8%EC%9D%98%ED%95%B4%ED%82%B9&searchType=search&paid_fl=n&search_uuid=bfa633a1-6c2e-4134-a82c-be27278626cf
사람인,(주)사람인,[사람인] 정보보안 운영 담당자(경력),https://www.saramin.co.kr/zf_user/jobs/relay/view?view_type=search&rec_idx=54047274&location=ts&searchword=%EB%AA%A8%EC%9D%98%ED%95%B4%ED%82%B9&searchType=search&paid_fl=n&search_uuid=bfa633a1-6c2e-4134-a82c-be27278626cf
사람인,(주)인텍에프에이,2026 상반기 각 부문 신입 및 경력사원 채용,https://www.saramin.co.kr/zf_user/jobs/relay/view?view_type=search&rec_idx=53643008&location=ts&searchword=%EB%AA%A8%EC%9D%98%ED%95%B4%ED%82%B9&searchType=search&paid_fl=n&search_uuid=bfa633a1-6c2e-4134-a82c-be27278626cf
사람인,롯데이노베이트(주),2026년 6월 신입사원 채용 일반전형(Software(카드IS팀)),https://www.saramin.co.kr/zf_user/jobs/relay/view?view_type=search&rec_idx=54057929&location=ts&searchword=%EB%AA%A8%EC%9D%98%ED%95%B4%ED%82%B9&searchType=search&paid_fl=n&search_uuid=bfa633a1-6c2e-4134-a82c-be27278626cf
사람인,엔큐리티(주),"[IT정보보안/사세확장] 부문별 채용 (네트워크보안,총무,인사)",https://www.saramin.co.kr/zf_user/jobs/relay/view?view_type=search&rec_idx=53947368&location=ts&searchword=%EB%AA%A8%EC%9D%98%ED%95%B4%ED%82%B9&searchType=search&paid_fl=n&search_uuid=bfa633a1-6c2e-4134-a82c-be27278626cf
사람인,에스앤피플주식회사,[스타벅스/본사] 정보보안 업무 사무보조 사원 채용,https://www.saramin.co.kr/zf_user/jobs/relay/view?view_type=search&rec_idx=54023597&location=ts&searchword=%EB%AA%A8%EC%9D%98%ED%95%B4%ED%82%B9&searchType=search&paid_fl=n&search_uuid=bfa633a1-6c2e-4134-a82c-be27278626cf
사람인,엘에스아이티씨(주),[LS ITC] 경력직 수시채용,https://www.saramin.co.kr/zf_user/jobs/relay/view?view_type=search&rec_idx=53673200&location=ts&searchword=%EB%AA%A8%EC%9D%98%ED%95%B4%ED%82%B9&searchType=search&paid_fl=n&search_uuid=bfa633a1-6c2e-4134-a82c-be27278626cf
사람인,(주)케이지파이낸셜,[KG파이낸셜] 정보보안팀 정보보호 담당자 채용,https://www.saramin.co.kr/zf_user/jobs/relay/view?view_type=search&rec_idx=53852122&location=ts&searchword=%EB%AA%A8%EC%9D%98%ED%95%B4%ED%82%B9&searchType=search&paid_fl=n&search_uuid=bfa633a1-6c2e-4134-a82c-be27278626cf
사람인,에스케이쉴더스(주),MSS사업 Hybrid 보안관제 경력직 상시 채용,https://www.saramin.co.kr/zf_user/jobs/relay/view?view_type=search&rec_idx=53473721&location=ts&searchword=%EB%AA%A8%EC%9D%98%ED%95%B4%ED%82%B9&searchType=search&paid_fl=n&search_uuid=bfa633a1-6c2e-4134-a82c-be27278626cf
사람인,(주)무등기업,전산(IT)팀원 채용 공고 - 전산/보안관리,https://www.saramin.co.kr/zf_user/jobs/relay/view?view_type=search&rec_idx=53706098&location=ts&searchword=%EB%AA%A8%EC%9D%98%ED%95%B4%ED%82%B9&searchType=search&paid_fl=n&search_uuid=bfa633a1-6c2e-4134-a82c-be27278626cf
사람인,아이티사이언스(주),(신입/경력) 아이티사이언스(주) 안양본사 전산보안팀 채용 안내,https://www.saramin.co.kr/zf_user/jobs/relay/view?view_type=search&rec_idx=53876325&location=ts&searchword=%EB%AA%A8%EC%9D%98%ED%95%B4%ED%82%B9&searchType=search&paid_fl=n&search_uuid=bfa633a1-6c2e-4134-a82c-be27278626cf
사람인,(주)윈스테크넷,"6월 윈스테크넷 월간채용(신입) - 관제,개발,QC,엔지니어,영업",https://www.saramin.co.kr/zf_user/jobs/relay/view?view_type=search&rec_idx=54063667&location=ts&searchword=%EB%AA%A8%EC%9D%98%ED%95%B4%ED%82%B9&searchType=search&paid_fl=n&search_uuid=bfa633a1-6c2e-4134-a82c-be27278626cf
사람인,(주)엔씨아이티에스,[NC 자회사] ㈜NC ITS 보안관제 인력 채용,https://www.saramin.co.kr/zf_user/jobs/relay/view?view_type=search&rec_idx=54087341&location=ts&searchword=%EB%AA%A8%EC%9D%98%ED%95%B4%ED%82%B9&searchType=search&paid_fl=n&search_uuid=bfa633a1-6c2e-4134-a82c-be27278626cf
사람인,(주)엘지씨엔에스,[LG CNS]보안분야 전 영역 전문가 모집(경력),https://www.saramin.co.kr/zf_user/jobs/relay/view?view_type=search&rec_idx=53947937&location=ts&searchword=%EB%B3%B4%EC%95%88&searchType=search&paid_fl=n&search_uuid=3b7755a5-5187-4733-973c-ee1f4efd0d1a
사람인,(주)아이샵케어,토스플레이스 자회사 [iShopCARE] 대규모 채용｜ CX·마케팅·영업·개발·보안·운영 外,https://www.saramin.co.kr/zf_user/jobs/relay/view?view_type=search&rec_idx=54013556&location=ts&searchword=%EB%B3%B4%EC%95%88&searchType=search&paid_fl=n&search_uuid=3b7755a5-5187-4733-973c-ee1f4efd0d1a
사람인,(주)사람인,[사람인] 정보보안운영 담당자(경력),https://www.saramin.co.kr/zf_user/jobs/relay/view?view_type=search&rec_idx=54047274&location=ts&searchword=%EB%B3%B4%EC%95%88&searchType=search&paid_fl=n&search_uuid=3b7755a5-5187-4733-973c-ee1f4efd0d1a
사람인,(주)프로에스콤,[월340만 가능/삼성역 코엑스.무역센터] 주야 교대근무보안사원,https://www.saramin.co.kr/zf_user/jobs/relay/view?view_type=search&rec_idx=53911389&location=ts&searchword=%EB%B3%B4%EC%95%88&searchType=search&paid_fl=n&search_uuid=3b7755a5-5187-4733-973c-ee1f4efd0d1a
사람인,(주)프로에스콤,[식사제공/연차별도] 다이소 부산물류센터보안사원 모집 공고,https://www.saramin.co.kr/zf_user/jobs/relay/view?view_type=search&rec_idx=53983174&location=ts&searchword=%EB%B3%B4%EC%95%88&searchType=search&paid_fl=n&search_uuid=3b7755a5-5187-4733-973c-ee1f4efd0d1a
사람인,(주)알라딘커뮤니케이션,[알라딘] 정보보호팀 정보보호담당자 (기술보안),https://www.saramin.co.kr/zf_user/jobs/relay/view?view_type=search&rec_idx=53904124&location=ts&searchword=%EB%B3%B4%EC%95%88&searchType=search&paid_fl=n&search_uuid=3b7755a5-5187-4733-973c-ee1f4efd0d1a
사람인,한국타이어앤테크놀로지(주),IT 정보보안기획 채용,https://www.saramin.co.kr/zf_user/jobs/relay/view?view_type=search&rec_idx=54072325&location=ts&searchword=%EB%B3%B4%EC%95%88&searchType=search&paid_fl=n&search_uuid=3b7755a5-5187-4733-973c-ee1f4efd0d1a
사람인,(주)더존비즈온,"[정보보안,보안관제]더존비즈온 정보보안인재 채용",https://www.saramin.co.kr/zf_user/jobs/relay/view?view_type=search&rec_idx=54085668&location=ts&searchword=%EB%B3%B4%EC%95%88&searchType=search&paid_fl=n&search_uuid=3b7755a5-5187-4733-973c-ee1f4efd0d1a
사람인,엔큐리티(주),"[IT정보보안/사세확장] 부문별 채용 (네트워크보안,총무,인사)",https://www.saramin.co.kr/zf_user/jobs/relay/view?view_type=search&rec_idx=53947368&location=ts&searchword=%EB%B3%B4%EC%95%88&searchType=search&paid_fl=n&search_uuid=3b7755a5-5187-4733-973c-ee1f4efd0d1a
사람인,(주)다날핀테크,[다날핀테크]보안담당자(보안/인프라/정보보호) 채용,https://www.saramin.co.kr/zf_user/jobs/relay/view?view_type=search&rec_idx=53716201&location=ts&searchword=%EB%B3%B4%EC%95%88&searchType=search&paid_fl=n&search_uuid=3b7755a5-5187-4733-973c-ee1f4efd0d1a
사람인,에스앤피플주식회사,[스타벅스/본사] 정보보안업무 사무보조 사원 채용,https://www.saramin.co.kr/zf_user/jobs/relay/view?view_type=search&rec_idx=54023597&location=ts&searchword=%EB%B3%B4%EC%95%88&searchType=search&paid_fl=n&search_uuid=3b7755a5-5187-4733-973c-ee1f4efd0d1a
사람인,Kim & Chang (김앤장 법률사무소),"[김.장 법률사무소] IT 부문(개발, IT 운영, IT 지원, 정보보안)",https://www.saramin.co.kr/zf_user/jobs/relay/view?view_type=search&rec_idx=53964251&location=ts&searchword=%EB%B3%B4%EC%95%88&searchType=search&paid_fl=n&search_uuid=3b7755a5-5187-4733-973c-ee1f4efd0d1a
사람인,에어포트서비스,[김해국제공항] 항공보안요원 정규 / 파트타임(하반기),https://www.saramin.co.kr/zf_user/jobs/relay/view?view_type=search&rec_idx=54042788&location=ts&searchword=%EB%B3%B4%EC%95%88&searchType=search&paid_fl=n&search_uuid=3b7755a5-5187-4733-973c-ee1f4efd0d1a
사람인,(주)삼구아이앤씨,[신입가능] 부산 명지 스타필드보안요원 모집(교대조),https://www.saramin.co.kr/zf_user/jobs/relay/view?view_type=search&rec_idx=54040557&location=ts&searchword=%EB%B3%B4%EC%95%88&searchType=search&paid_fl=n&search_uuid=3b7755a5-5187-4733-973c-ee1f4efd0d1a
사람인,(주)삼구아이앤씨,ASMK 동탄 공장보안대원 모집,https://www.saramin.co.kr/zf_user/jobs/relay/view?view_type=search&rec_idx=54056947&location=ts&searchword=%EB%B3%B4%EC%95%88&searchType=search&paid_fl=n&search_uuid=3b7755a5-5187-4733-973c-ee1f4efd0d1a
사람인,백상코퍼레이션(주),월280만/ 공덕대형빌딩/보안대원 모집,https://www.saramin.co.kr/zf_user/jobs/relay/view?view_type=search&rec_idx=53947448&location=ts&searchword=%EB%B3%B4%EC%95%88&searchType=search&paid_fl=n&search_uuid=3b7755a5-5187-4733-973c-ee1f4efd0d1a
사람인,(주)유니에스,[초보가능/주주야야비비/SBS 목동방송센터보안직원 채용,https://www.saramin.co.kr/zf_user/jobs/relay/view?view_type=search&rec_idx=54084199&location=ts&searchword=%EB%B3%B4%EC%95%88&searchType=search&paid_fl=n&search_uuid=3b7755a5-5187-4733-973c-ee1f4efd0d1a
사람인,(주)프로에스콤,[잠실 롯데 어드벤처] 주간.야간 남.여보안사원 채용,https://www.saramin.co.kr/zf_user/jobs/relay/view?view_type=search&rec_idx=53843169&location=ts&searchword=%EB%B3%B4%EC%95%88&searchType=search&paid_fl=n&search_uuid=3b7755a5-5187-4733-973c-ee1f4efd0d1a
사람인,(주)프로에스콤,[경남 양산/3교대 근무] 쿠팡 양산 센터보안사원 채용,https://www.saramin.co.kr/zf_user/jobs/relay/view?view_type=search&rec_idx=53843135&location=ts&searchword=%EB%B3%B4%EC%95%88&searchType=search&paid_fl=n&search_uuid=3b7755a5-5187-4733-973c-ee1f4efd0d1a
사람인,(주)프로에스콤,[잠실 롯데월드타워 전망대/ 주간근무] 안전스텝.보안- 남.녀,https://www.saramin.co.kr/zf_user/jobs/relay/view?view_type=search&rec_idx=53858673&location=ts&searchword=%EB%B3%B4%EC%95%88&searchType=search&paid_fl=n&search_uuid=3b7755a5-5187-4733-973c-ee1f4efd0d1a
사람인,(주)프로에스콤,[종각역/sc제일은행 본점] 주간보안.야간순환보안채용,https://www.saramin.co.kr/zf_user/jobs/relay/view?view_type=search&rec_idx=53911377&location=ts&searchword=%EB%B3%B4%EC%95%88&searchType=search&paid_fl=n&search_uuid=3b7755a5-5187-4733-973c-ee1f4efd0d1a
사람인,(주)프로에스콤,[부산 해운대/3교대] 웨스틴조선호텔 부산 /보안사원 채용,https://www.saramin.co.kr/zf_user/jobs/relay/view?view_type=search&rec_idx=53952207&location=ts&searchword=%EB%B3%B4%EC%95%88&searchType=search&paid_fl=n&search_uuid=3b7755a5-5187-4733-973c-ee1f4efd0d1a
사람인,(주)프로에스콤,"(파트선택, 착석근무 병행) 잠실 롯데 시그니엘호텔보안직 채용",https://www.saramin.co.kr/zf_user/jobs/relay/view?view_type=search&rec_idx=53977803&location=ts&searchword=%EB%B3%B4%EC%95%88&searchType=search&paid_fl=n&search_uuid=3b7755a5-5187-4733-973c-ee1f4efd0d1a
사람인,(주)프로에스콤,[월 274-338만] 현대백화점 충청점 (주야 교대조)보안사원 채용,https://www.saramin.co.kr/zf_user/jobs/relay/view?view_type=search&rec_idx=54037931&location=ts&searchword=%EB%B3%B4%EC%95%88&searchType=search&paid_fl=n&search_uuid=3b7755a5-5187-4733-973c-ee1f4efd0d1a
사람인,(주)프로에스콤,[야간고정] GS타워보안사원 모집,https://www.saramin.co.kr/zf_user/jobs/relay/view?view_type=search&rec_idx=54054799&location=ts&searchword=%EB%B3%B4%EC%95%88&searchType=search&paid_fl=n&search_uuid=3b7755a5-5187-4733-973c-ee1f4efd0d1a
사람인,(주)프로에스콤,[출퇴근가능자] LG파주이노텍보안사원 모집,https://www.saramin.co.kr/zf_user/jobs/relay/view?view_type=search&rec_idx=54044664&location=ts&searchword=%EB%B3%B4%EC%95%88&searchType=search&paid_fl=n&search_uuid=3b7755a5-5187-4733-973c-ee1f4efd0d1a
사람인,(주)프로에스콤,[잠실 롯데월드타워 / 주주야야휴휴 근무. 월 287만]보안사원,https://www.saramin.co.kr/zf_user/jobs/relay/view?view_type=search&rec_idx=54069104&location=ts&searchword=%EB%B3%B4%EC%95%88&searchType=search&paid_fl=n&search_uuid=3b7755a5-5187-4733-973c-ee1f4efd0d1a
사람인,(주)프로에스콤,[선택가능] 김해 롯데워터파크보안사원 모집,https://www.saramin.co.kr/zf_user/jobs/relay/view?view_type=search&rec_idx=54058952&location=ts&searchword=%EB%B3%B4%EC%95%88&searchType=search&paid_fl=n&search_uuid=3b7755a5-5187-4733-973c-ee1f4efd0d1a
사람인,한화호텔앤드리조트(주),[을지로/한화] 오피스보안파트 직원 모집(교대근로),https://www.saramin.co.kr/zf_user/jobs/relay/view?view_type=search&rec_idx=54038785&location=ts&searchword=%EB%B3%B4%EC%95%88&searchType=search&paid_fl=n&search_uuid=3b7755a5-5187-4733-973c-ee1f4efd0d1a
사람인,(주)도루코,정보보안및 IT 인프라 담당자 경력사원 상시채용,https://www.saramin.co.kr/zf_user/jobs/relay/view?view_type=search&rec_idx=53806303&location=ts&searchword=%EB%B3%B4%EC%95%88&searchType=search&paid_fl=n&search_uuid=3b7755a5-5187-4733-973c-ee1f4efd0d1a
사람인,(주)스페이스프로,방산보안및 정보보호 담당자 모집,https://www.saramin.co.kr/zf_user/jobs/relay/view?view_type=search&rec_idx=53953143&location=ts&searchword=%EB%B3%B4%EC%95%88&searchType=search&paid_fl=n&search_uuid=3b7755a5-5187-4733-973c-ee1f4efd0d1a
사람인,두나무(주),[두나무] IT보안헬프데스크 담당자,https://www.saramin.co.kr/zf_user/jobs/relay/view?view_type=search&rec_idx=53967915&location=ts&searchword=%EB%B3%B4%EC%95%88&searchType=search&paid_fl=n&search_uuid=3b7755a5-5187-4733-973c-ee1f4efd0d1a
사람인,(주)소만사,네트워크 정보보안SW 기술 지원 엔지니어 채용,https://www.saramin.co.kr/zf_user/jobs/relay/view?view_type=search&rec_idx=54056812&location=ts&searchword=%EB%B3%B4%EC%95%88&searchType=search&paid_fl=n&search_uuid=3b7755a5-5187-4733-973c-ee1f4efd0d1a
사람인,(주)금아하이드파워,(주)금아하이드파워 정보보안(기술적보안) 채용 공고,https://www.saramin.co.kr/zf_user/jobs/relay/view?view_type=search&rec_idx=54073224&location=ts&searchword=%EB%B3%B4%EC%95%88&searchType=search&paid_fl=n&search_uuid=3b7755a5-5187-4733-973c-ee1f4efd0d1a
사람인,(주)티오에스코리아,[송도/중견기업/제조IT] 사내 시스템 운영 및보안관리 채용,https://www.saramin.co.kr/zf_user/jobs/relay/view?view_type=search&rec_idx=54060027&location=ts&searchword=%EB%B3%B4%EC%95%88&searchType=search&paid_fl=n&search_uuid=3b7755a5-5187-4733-973c-ee1f4efd0d1a
사람인,넷마블(주),게임보안운영 담당자,https://www.saramin.co.kr/zf_user/jobs/relay/view?view_type=search&rec_idx=53914719&location=ts&searchword=%EB%B3%B4%EC%95%88&searchType=search&paid_fl=n&search_uuid=3b7755a5-5187-4733-973c-ee1f4efd0d1a
사람인,에스케이쉴더스(주),MSS사업 Hybrid보안관제 경력직 상시 채용,https://www.saramin.co.kr/zf_user/jobs/relay/view?view_type=search&rec_idx=53473721&location=ts&searchword=%EB%B3%B4%EC%95%88&searchType=search&paid_fl=n&search_uuid=3b7755a5-5187-4733-973c-ee1f4efd0d1a
사람인,(주)시큐브,"네트워크보안, 웹 개발, 기술지원, 영업 부문별 채용",https://www.saramin.co.kr/zf_user/jobs/relay/view?view_type=search&rec_idx=53946420&location=ts&searchword=%EB%B3%B4%EC%95%88&searchType=search&paid_fl=n&search_uuid=3b7755a5-5187-4733-973c-ee1f4efd0d1a
사람인,(주)무등기업,전산(IT)팀원 채용 공고 - 전산/보안관리,https://www.saramin.co.kr/zf_user/jobs/relay/view?view_type=search&rec_idx=53706098&location=ts&searchword=%EB%B3%B4%EC%95%88&searchType=search&paid_fl=n&search_uuid=3b7755a5-5187-4733-973c-ee1f4efd0d1a
사람인,(주)이동의즐거움,정보보안팀장(CISO 지정) 채용,https://www.saramin.co.kr/zf_user/jobs/relay/view?view_type=search&rec_idx=54000551&location=ts&searchword=%EB%B3%B4%EC%95%88&searchType=search&paid_fl=n&search_uuid=3b7755a5-5187-4733-973c-ee1f4efd0d1a
사람인,(주)테라정보보호,2026년 (주)테라정보보호보안 솔루션 경력직 채용,https://www.saramin.co.kr/zf_user/jobs/relay/view?view_type=search&rec_idx=53888540&location=ts&searchword=%EB%B3%B4%ED%98%B8&searchType=search&paid_fl=n&search_uuid=d588893a-a293-40a5-9f24-c9cc2e210db0
사람인,자연보호환경㈜,자연보호환경(주) 직영기사 구인,https://www.saramin.co.kr/zf_user/jobs/relay/view?view_type=search&rec_idx=53889273&location=ts&searchword=%EB%B3%B4%ED%98%B8&searchType=search&paid_fl=n&search_uuid=d588893a-a293-40a5-9f24-c9cc2e210db0
사람인,자연보호환경㈜,자연보호환경(주) 영업지원&영업관리 모집,https://www.saramin.co.kr/zf_user/jobs/relay/view?view_type=search&rec_idx=53929417&location=ts&searchword=%EB%B3%B4%ED%98%B8&searchType=search&paid_fl=n&search_uuid=d588893a-a293-40a5-9f24-c9cc2e210db0
사람인,자연보호환경㈜,자연보호환경(주) 경리/회계 사무원 구인,https://www.saramin.co.kr/zf_user/jobs/relay/view?view_type=search&rec_idx=53929438&location=ts&searchword=%EB%B3%B4%ED%98%B8&searchType=search&paid_fl=n&search_uuid=d588893a-a293-40a5-9f24-c9cc2e210db0
사람인,(재)한국교육환경보호원,한국교육환경보호원 [일반직] 채용 재공고,https://www.saramin.co.kr/zf_user/jobs/relay/view?view_type=search&rec_idx=54073808&location=ts&searchword=%EB%B3%B4%ED%98%B8&searchType=search&paid_fl=n&search_uuid=d588893a-a293-40a5-9f24-c9cc2e210db0
사람인,(재)한국교육환경보호원,한국교육환경보호원 [기간제근로자] 채용 재공고,https://www.saramin.co.kr/zf_user/jobs/relay/view?view_type=search&rec_idx=54074007&location=ts&searchword=%EB%B3%B4%ED%98%B8&searchType=search&paid_fl=n&search_uuid=d588893a-a293-40a5-9f24-c9cc2e210db0
사람인,하나린단기보호소,하나린단기보호소 생활재활교사 모집,https://www.saramin.co.kr/zf_user/jobs/relay/view?view_type=search&rec_idx=54040778&location=ts&searchword=%EB%B3%B4%ED%98%B8&searchType=search&paid_fl=n&search_uuid=d588893a-a293-40a5-9f24-c9cc2e210db0
사람인,청당더봄노인주간보호센터,[청당더봄노인주간보호센터] 요양보호사 채용 공고,https://www.saramin.co.kr/zf_user/jobs/relay/view?view_type=search&rec_idx=53998244&location=ts&searchword=%EB%B3%B4%ED%98%B8&searchType=search&paid_fl=n&search_uuid=d588893a-a293-40a5-9f24-c9cc2e210db0
사람인,보성요양보호사교육원,요양보호사교육원 상담 및 행정 업무 보실 실장님 모집합니다.,https://www.saramin.co.kr/zf_user/jobs/relay/view?view_type=search&rec_idx=53932843&location=ts&searchword=%EB%B3%B4%ED%98%B8&searchType=search&paid_fl=n&search_uuid=d588893a-a293-40a5-9f24-c9cc2e210db0
사람인,(주)부경연제주간보호센터,부경연제주간보호센터 요양보호사 선생님을 모십니다.,https://www.saramin.co.kr/zf_user/jobs/relay/view?view_type=search&rec_idx=54003836&location=ts&searchword=%EB%B3%B4%ED%98%B8&searchType=search&paid_fl=n&search_uuid=d588893a-a293-40a5-9f24-c9cc2e210db0
사람인,(주)부경연제주간보호센터,(주)부경연제주간보호센터 사회복지사 선생님을 모십니다.,https://www.saramin.co.kr/zf_user/jobs/relay/view?view_type=search&rec_idx=54097462&location=ts&searchword=%EB%B3%B4%ED%98%B8&searchType=search&paid_fl=n&search_uuid=d588893a-a293-40a5-9f24-c9cc2e210db0
사람인,서대문요양보호사교육원,요양보호사교육원 외래강사 채용(간호사),https://www.saramin.co.kr/zf_user/jobs/relay/view?view_type=search&rec_idx=53635997&location=ts&searchword=%EB%B3%B4%ED%98%B8&searchType=search&paid_fl=n&search_uuid=d588893a-a293-40a5-9f24-c9cc2e210db0
사람인,청춘학교주간보호센터,80대 여자어르신 케어할 방문요양보호사님을 구합니다.,https://www.saramin.co.kr/zf_user/jobs/relay/view?view_type=search&rec_idx=53582104&location=ts&searchword=%EB%B3%B4%ED%98%B8&searchType=search&paid_fl=n&search_uuid=d588893a-a293-40a5-9f24-c9cc2e210db0
사람인,우리동네나이팅게일주간보호센터파주점,[방문요양] 영등포지역 방문요양보호사 채용 공고,https://www.saramin.co.kr/zf_user/jobs/relay/view?view_type=search&rec_idx=53623264&location=ts&searchword=%EB%B3%B4%ED%98%B8&searchType=search&paid_fl=n&search_uuid=d588893a-a293-40a5-9f24-c9cc2e210db0
사람인,봄재활주간보호센터,봄재활주간보호센터 주간보호센터 사회복지사 모집,https://www.saramin.co.kr/zf_user/jobs/relay/view?view_type=search&rec_idx=53677849&location=ts&searchword=%EB%B3%B4%ED%98%B8&searchType=search&paid_fl=n&search_uuid=d588893a-a293-40a5-9f24-c9cc2e210db0
사람인,청춘재활주간보호센터,요양보호사 모집,https://www.saramin.co.kr/zf_user/jobs/relay/view?view_type=search&rec_idx=53613569&location=ts&searchword=%EB%B3%B4%ED%98%B8&searchType=search&paid_fl=n&search_uuid=d588893a-a293-40a5-9f24-c9cc2e210db0
사람인,정담 재활 주야간보호센터,"요양보호사 선생님을 모심. (경력무관 ,서울중구)",https://www.saramin.co.kr/zf_user/jobs/relay/view?view_type=search&rec_idx=53770326&location=ts&searchword=%EB%B3%B4%ED%98%B8&searchType=search&paid_fl=n&search_uuid=d588893a-a293-40a5-9f24-c9cc2e210db0
사람인,명품재활주간보호센터,명품재활주간보호센터 요양보호사 모집,https://www.saramin.co.kr/zf_user/jobs/relay/view?view_type=search&rec_idx=53829646&location=ts&searchword=%EB%B3%B4%ED%98%B8&searchType=search&paid_fl=n&search_uuid=d588893a-a293-40a5-9f24-c9cc2e210db0
사람인,올리사랑주간보호재활운동센터,노인주간보호센터 사회복지사 구인,https://www.saramin.co.kr/zf_user/jobs/relay/view?view_type=search&rec_idx=53847350&location=ts&searchword=%EB%B3%B4%ED%98%B8&searchType=search&paid_fl=n&search_uuid=d588893a-a293-40a5-9f24-c9cc2e210db0
사람인,케세라 주간보호센터,케세라 주간보호센터 영양사 경력 채용 공고,https://www.saramin.co.kr/zf_user/jobs/relay/view?view_type=search&rec_idx=53852277&location=ts&searchword=%EB%B3%B4%ED%98%B8&searchType=search&paid_fl=n&search_uuid=d588893a-a293-40a5-9f24-c9cc2e210db0
사람인,남천재활주간보호센터,남천 노인재활 주간보호센터 요양보호사 경력자우대 운전필수,https://www.saramin.co.kr/zf_user/jobs/relay/view?view_type=search&rec_idx=53867277&location=ts&searchword=%EB%B3%B4%ED%98%B8&searchType=search&paid_fl=n&search_uuid=d588893a-a293-40a5-9f24-c9cc2e210db0
사람인,굿모닝주간보호센터,굿모닝주간보호센터 물리치료사 채용 공고,https://www.saramin.co.kr/zf_user/jobs/relay/view?view_type=search&rec_idx=53877960&location=ts&searchword=%EB%B3%B4%ED%98%B8&searchType=search&paid_fl=n&search_uuid=d588893a-a293-40a5-9f24-c9cc2e210db0
사람인,오케이주간보호센터,오케이주간보호센터 사회복지사  모집,https://www.saramin.co.kr/zf_user/jobs/relay/view?view_type=search&rec_idx=53899898&location=ts&searchword=%EB%B3%B4%ED%98%B8&searchType=search&paid_fl=n&search_uuid=d588893a-a293-40a5-9f24-c9cc2e210db0
사람인,(주)케어링주간보호센터광명점,[케어링] 주간보호요양보호사 채용 (광명점),https://www.saramin.co.kr/zf_user/jobs/relay/view?view_type=search&rec_idx=53888914&location=ts&searchword=%EB%B3%B4%ED%98%B8&searchType=search&paid_fl=n&search_uuid=d588893a-a293-40a5-9f24-c9cc2e210db0
사람인,영산주간보호재가센터,[사무직] 창녕 영산면 영산주간보호센터 사무원 모집,https://www.saramin.co.kr/zf_user/jobs/relay/view?view_type=search&rec_idx=53915512&location=ts&searchword=%EB%B3%B4%ED%98%B8&searchType=search&paid_fl=n&search_uuid=d588893a-a293-40a5-9f24-c9cc2e210db0
사람인,재활도울주야간보호센터,(급구)주간보호사회복지사 구인,https://www.saramin.co.kr/zf_user/jobs/relay/view?view_type=search&rec_idx=53915992&location=ts&searchword=%EB%B3%B4%ED%98%B8&searchType=search&paid_fl=n&search_uuid=d588893a-a293-40a5-9f24-c9cc2e210db0
사람인,영산주간보호재가센터,창녕군 영산면 주간보호센터 요양보호사,https://www.saramin.co.kr/zf_user/jobs/relay/view?view_type=search&rec_idx=53918846&location=ts&searchword=%EB%B3%B4%ED%98%B8&searchType=search&paid_fl=n&search_uuid=d588893a-a293-40a5-9f24-c9cc2e210db0
사람인,케세라 주간보호센터,케세라에서 같이 일 할  요양보호사 선생님 모집합니다.,https://www.saramin.co.kr/zf_user/jobs/relay/view?view_type=search&rec_idx=53930231&location=ts&searchword=%EB%B3%B4%ED%98%B8&searchType=search&paid_fl=n&search_uuid=d588893a-a293-40a5-9f24-c9cc2e210db0
사람인,장유효주야간보호센터,장유 효 주야간보호센터에서 요양보호사 선생님을 모집합니다.,https://www.saramin.co.kr/zf_user/jobs/relay/view?view_type=search&rec_idx=53912980&location=ts&searchword=%EB%B3%B4%ED%98%B8&searchType=search&paid_fl=n&search_uuid=d588893a-a293-40a5-9f24-c9cc2e210db0
사람인,장유효주야간보호센터,장유 효 주야간보호센터에서 사무원을 모집합니다.,https://www.saramin.co.kr/zf_user/jobs/relay/view?view_type=search&rec_idx=53914005&location=ts&searchword=%EB%B3%B4%ED%98%B8&searchType=search&paid_fl=n&search_uuid=d588893a-a293-40a5-9f24-c9cc2e210db0
사람인,오케이주간보호센터,오케이주간보호센터 간호조무사 채용공고 (추가채용),https://www.saramin.co.kr/zf_user/jobs/relay/view?view_type=search&rec_idx=53931030&location=ts&searchword=%EB%B3%B4%ED%98%B8&searchType=search&paid_fl=n&search_uuid=d588893a-a293-40a5-9f24-c9cc2e210db0
사람인,하나노인주간보호센터,요양보호사  채용합니다 - 경력무관,https://www.saramin.co.kr/zf_user/jobs/relay/view?view_type=search&rec_idx=53957356&location=ts&searchword=%EB%B3%B4%ED%98%B8&searchType=search&paid_fl=n&search_uuid=d588893a-a293-40a5-9f24-c9cc2e210db0
사람인,가족사랑주간보호센터,가족사랑주간보호센터 영양사 모집,https://www.saramin.co.kr/zf_user/jobs/relay/view?view_type=search&rec_idx=53958971&location=ts&searchword=%EB%B3%B4%ED%98%B8&searchType=search&paid_fl=n&search_uuid=d588893a-a293-40a5-9f24-c9cc2e210db0
사람인,굿모닝주간보호센터,굿모닝주간보호센터에서 주간보호작업치료사를 찾고 있어요,https://www.saramin.co.kr/zf_user/jobs/relay/view?view_type=search&rec_idx=53975315&location=ts&searchword=%EB%B3%B4%ED%98%B8&searchType=search&paid_fl=n&search_uuid=d588893a-a293-40a5-9f24-c9cc2e210db0
사람인,봄재활주간보호센터,대구 봄재활주간보호센터 조리사 채용 합니다.,https://www.saramin.co.kr/zf_user/jobs/relay/view?view_type=search&rec_idx=53976409&location=ts&searchword=%EB%B3%B4%ED%98%B8&searchType=search&paid_fl=n&search_uuid=d588893a-a293-40a5-9f24-c9cc2e210db0
사람인,참사랑너나울주간보호센터1호,참사랑너나울주간보호센터 사회복지사 채용 공고(육아휴직 대체),https://www.saramin.co.kr/zf_user/jobs/relay/view?view_type=search&rec_idx=53984131&location=ts&searchword=%EB%B3%B4%ED%98%B8&searchType=search&paid_fl=n&search_uuid=d588893a-a293-40a5-9f24-c9cc2e210db0
사람인,마주봄주간보호센터,마주봄주간보호센터 운전원 채용 공고,https://www.saramin.co.kr/zf_user/jobs/relay/view?view_type=search&rec_idx=53957289&location=ts&searchword=%EB%B3%B4%ED%98%B8&searchType=search&paid_fl=n&search_uuid=d588893a-a293-40a5-9f24-c9cc2e210db0
사람인,우리동네나이팅게일주간보호센터파주점,[용인 기흥 방문요양]  요양보호사 선생님 모십니다.,https://www.saramin.co.kr/zf_user/jobs/relay/view?view_type=search&rec_idx=53989779&location=ts&searchword=%EB%B3%B4%ED%98%B8&searchType=search&paid_fl=n&search_uuid=d588893a-a293-40a5-9f24-c9cc2e210db0
사람인,경대재활주간보호센터,요양보호사 계약직 채용 / 경력무관입니다,https://www.saramin.co.kr/zf_user/jobs/relay/view?view_type=search&rec_idx=53988586&location=ts&searchword=%EB%B3%B4%ED%98%B8&searchType=search&paid_fl=n&search_uuid=d588893a-a293-40a5-9f24-c9cc2e210db0
사람인,서울주간보호센터,[서울형]서울주간보호센터 요양보호사 모집,https://www.saramin.co.kr/zf_user/jobs/relay/view?view_type=search&rec_idx=53970874&location=ts&searchword=%EB%B3%B4%ED%98%B8&searchType=search&paid_fl=n&search_uuid=d588893a-a293-40a5-9f24-c9cc2e210db0
사람인,쿠팡(주),SecurityEngineer (Cloud InfrastructureSecurity),https://www.saramin.co.kr/zf_user/jobs/relay/view?view_type=search&rec_idx=53955456&location=ts&searchword=security&searchType=search&paid_fl=n&search_uuid=ab5708b7-ed8d-484f-8ad9-6501c338f24d
사람인,한시큐리티(주),[한시큐리티] Red Team / OffensiveSecurityEngineer 채용,https://www.saramin.co.kr/zf_user/jobs/relay/view?view_type=search&rec_idx=54029044&location=ts&searchword=security&searchType=search&paid_fl=n&search_uuid=ab5708b7-ed8d-484f-8ad9-6501c338f24d
사람인,(주)에릭슨코리아파트너스,[Ericsson] Product & InformationSecurityArchitect,https://www.saramin.co.kr/zf_user/jobs/relay/view?view_type=search&rec_idx=54077788&location=ts&searchword=security&searchType=search&paid_fl=n&search_uuid=ab5708b7-ed8d-484f-8ad9-6501c338f24d
사람인,(주)비바리퍼블리카,[토스뱅크]SecurityEngineer (네트워크 보안),https://www.saramin.co.kr/zf_user/jobs/relay/view?view_type=search&rec_idx=53606197&location=ts&searchword=security&searchType=search&paid_fl=n&search_uuid=ab5708b7-ed8d-484f-8ad9-6501c338f24d
사람인,토스씨엑스(주),InformationSecurityManager,https://www.saramin.co.kr/zf_user/jobs/relay/view?view_type=search&rec_idx=53874450&location=ts&searchword=security&searchType=search&paid_fl=n&search_uuid=ab5708b7-ed8d-484f-8ad9-6501c338f24d
사람인,(주)유니코써치,[Tech. 스타트업] IT &SecurityManager,https://www.saramin.co.kr/zf_user/jobs/relay/view?view_type=search&rec_idx=54080643&location=ts&searchword=security&searchType=search&paid_fl=n&search_uuid=ab5708b7-ed8d-484f-8ad9-6501c338f24d
사람인,제주신화월드(주),제주신화월드Security부문 정규직 사원 모집,https://www.saramin.co.kr/zf_user/jobs/relay/view?view_type=search&rec_idx=53780809&location=ts&searchword=security&searchType=search&paid_fl=n&search_uuid=ab5708b7-ed8d-484f-8ad9-6501c338f24d
사람인,(주)니어스랩,[운영]IT보안 담당(SecurityEngineer),https://www.saramin.co.kr/zf_user/jobs/relay/view?view_type=search&rec_idx=53986554&location=ts&searchword=security&searchType=search&paid_fl=n&search_uuid=ab5708b7-ed8d-484f-8ad9-6501c338f24d
사람인,플렉스(주),[플렉스팀] ApplicationSecurityEngineer Intern (채용연계형),https://www.saramin.co.kr/zf_user/jobs/relay/view?view_type=search&rec_idx=54017755&location=ts&searchword=security&searchType=search&paid_fl=n&search_uuid=ab5708b7-ed8d-484f-8ad9-6501c338f24d
사람인,갓루트,[경력 무관] OffensiveSecurity컨설턴트 모집,https://www.saramin.co.kr/zf_user/jobs/relay/view?view_type=search&rec_idx=53688705&location=ts&searchword=security&searchType=search&paid_fl=n&search_uuid=ab5708b7-ed8d-484f-8ad9-6501c338f24d
사람인,(주)에이쓰리시큐리티,A3SECURITY컨설턴트 모집(모의해킹) 경력 5년 이상,https://www.saramin.co.kr/zf_user/jobs/relay/view?view_type=search&rec_idx=53864835&location=ts&searchword=security&searchType=search&paid_fl=n&search_uuid=ab5708b7-ed8d-484f-8ad9-6501c338f24d
사람인,(주)에이쓰리시큐리티,A3SECURITY정보보안 컨설턴트 모집(경력 7년 이상),https://www.saramin.co.kr/zf_user/jobs/relay/view?view_type=search&rec_idx=53864862&location=ts&searchword=security&searchType=search&paid_fl=n&search_uuid=ab5708b7-ed8d-484f-8ad9-6501c338f24d
사람인,(주)비바리퍼블리카,[토스] InformationSecurityManager,https://www.saramin.co.kr/zf_user/jobs/relay/view?view_type=search&rec_idx=53715667&location=ts&searchword=security&searchType=search&paid_fl=n&search_uuid=ab5708b7-ed8d-484f-8ad9-6501c338f24d
사람인,(주)비바리퍼블리카,[토스뱅크]SecurityAudit Manager (정보보호 자체감사자),https://www.saramin.co.kr/zf_user/jobs/relay/view?view_type=search&rec_idx=53606111&location=ts&searchword=security&searchType=search&paid_fl=n&search_uuid=ab5708b7-ed8d-484f-8ad9-6501c338f24d
사람인,(주)비바리퍼블리카,[토스뱅크] InformationSecurityManager (보안점검),https://www.saramin.co.kr/zf_user/jobs/relay/view?view_type=search&rec_idx=53606227&location=ts&searchword=security&searchType=search&paid_fl=n&search_uuid=ab5708b7-ed8d-484f-8ad9-6501c338f24d
사람인,(주)비바리퍼블리카,[토스뱅크]SecurityEngineer (시스템 보안),https://www.saramin.co.kr/zf_user/jobs/relay/view?view_type=search&rec_idx=53606151&location=ts&searchword=security&searchType=search&paid_fl=n&search_uuid=ab5708b7-ed8d-484f-8ad9-6501c338f24d
사람인,(주)비바리퍼블리카,[토스뱅크]SecurityOperations Specialist (단말 보안),https://www.saramin.co.kr/zf_user/jobs/relay/view?view_type=search&rec_idx=53606472&location=ts&searchword=security&searchType=search&paid_fl=n&search_uuid=ab5708b7-ed8d-484f-8ad9-6501c338f24d
사람인,(주)비바리퍼블리카,[토스뱅크] SystemSecurityTeam Leader,https://www.saramin.co.kr/zf_user/jobs/relay/view?view_type=search&rec_idx=53641830&location=ts&searchword=security&searchType=search&paid_fl=n&search_uuid=ab5708b7-ed8d-484f-8ad9-6501c338f24d
사람인,(주)비바리퍼블리카,[토스뱅크]SecurityAudit Manager Team Leader,https://www.saramin.co.kr/zf_user/jobs/relay/view?view_type=search&rec_idx=53857163&location=ts&searchword=security&searchType=search&paid_fl=n&search_uuid=ab5708b7-ed8d-484f-8ad9-6501c338f24d
사람인,(주)비바리퍼블리카,[토스플레이스]SecurityEngineer,https://www.saramin.co.kr/zf_user/jobs/relay/view?view_type=search&rec_idx=53864811&location=ts&searchword=security&searchType=search&paid_fl=n&search_uuid=ab5708b7-ed8d-484f-8ad9-6501c338f24d
사람인,(주)비바리퍼블리카,[토스]SecurityEngineer (이벤트 분석 / 사고대응),https://www.saramin.co.kr/zf_user/jobs/relay/view?view_type=search&rec_idx=53877711&location=ts&searchword=security&searchType=search&paid_fl=n&search_uuid=ab5708b7-ed8d-484f-8ad9-6501c338f24d
사람인,(주)비바리퍼블리카,[토스]SecurityEngineer (보안 분석 플랫폼 운영),https://www.saramin.co.kr/zf_user/jobs/relay/view?view_type=search&rec_idx=53877844&location=ts&searchword=security&searchType=search&paid_fl=n&search_uuid=ab5708b7-ed8d-484f-8ad9-6501c338f24d
사람인,(주)딥노이드,[DEEPNOID] Data Specialist (SecurityAI / 계약직),https://www.saramin.co.kr/zf_user/jobs/relay/view?view_type=search&rec_idx=53587572&location=ts&searchword=security&searchType=search&paid_fl=n&search_uuid=ab5708b7-ed8d-484f-8ad9-6501c338f24d
사람인,메가존클라우드(주),[메가존클라우드관계사] CDN &SecuritySA/SE Tech Engineer,https://www.saramin.co.kr/zf_user/jobs/relay/view?view_type=search&rec_idx=53671883&location=ts&searchword=security&searchType=search&paid_fl=n&search_uuid=ab5708b7-ed8d-484f-8ad9-6501c338f24d
사람인,메가존클라우드(주),클라우드 보안 전문가 채용 (SecuritySA),https://www.saramin.co.kr/zf_user/jobs/relay/view?view_type=search&rec_idx=53687316&location=ts&searchword=security&searchType=search&paid_fl=n&search_uuid=ab5708b7-ed8d-484f-8ad9-6501c338f24d
사람인,메가존클라우드(주),Microsoft Engineer(AI Agent/SecurityConsultant),https://www.saramin.co.kr/zf_user/jobs/relay/view?view_type=search&rec_idx=53620500&location=ts&searchword=security&searchType=search&paid_fl=n&search_uuid=ab5708b7-ed8d-484f-8ad9-6501c338f24d
사람인,메가존클라우드(주),클라우드 보안 엔지니어(CloudSecurityEngineer),https://www.saramin.co.kr/zf_user/jobs/relay/view?view_type=search&rec_idx=53791610&location=ts&searchword=security&searchType=search&paid_fl=n&search_uuid=ab5708b7-ed8d-484f-8ad9-6501c338f24d
사람인,메가존클라우드(주),SecuritySales 시니어 담당자 채용 (경력 10년 이상),https://www.saramin.co.kr/zf_user/jobs/relay/view?view_type=search&rec_idx=53987891&location=ts&searchword=security&searchType=search&paid_fl=n&search_uuid=ab5708b7-ed8d-484f-8ad9-6501c338f24d
사람인,메가존클라우드(주),SecuritySales 담당자 채용 (경력 1년-),https://www.saramin.co.kr/zf_user/jobs/relay/view?view_type=search&rec_idx=53987804&location=ts&searchword=security&searchType=search&paid_fl=n&search_uuid=ab5708b7-ed8d-484f-8ad9-6501c338f24d
사람인,토스씨엑스(주),[토스씨엑스] InformationSecurityManager 채용 중,https://www.saramin.co.kr/zf_user/jobs/relay/view?view_type=search&rec_idx=53591156&location=ts&searchword=security&searchType=search&paid_fl=n&search_uuid=ab5708b7-ed8d-484f-8ad9-6501c338f24d
사람인,팀스파르타(주),SecuritySolutions Engineer,https://www.saramin.co.kr/zf_user/jobs/relay/view?view_type=search&rec_idx=53654273&location=ts&searchword=security&searchType=search&paid_fl=n&search_uuid=ab5708b7-ed8d-484f-8ad9-6501c338f24d
사람인,(주)고위드,"[핀테크, 금융권]SecurityEngineer (DevSecOps)",https://www.saramin.co.kr/zf_user/jobs/relay/view?view_type=search&rec_idx=53738546&location=ts&searchword=security&searchType=search&paid_fl=n&search_uuid=ab5708b7-ed8d-484f-8ad9-6501c338f24d
사람인,넥스트증권(주),SecurityEngineer (Endpoint),https://www.saramin.co.kr/zf_user/jobs/relay/view?view_type=search&rec_idx=53745080&location=ts&searchword=security&searchType=search&paid_fl=n&search_uuid=ab5708b7-ed8d-484f-8ad9-6501c338f24d
사람인,베스핀글로벌(주),"[베스핀글로벌]Securityengineer 영입 (대리,과장급)",https://www.saramin.co.kr/zf_user/jobs/relay/view?view_type=search&rec_idx=53567522&location=ts&searchword=security&searchType=search&paid_fl=n&search_uuid=ab5708b7-ed8d-484f-8ad9-6501c338f24d
사람인,베스핀글로벌(주),[베스핀글로벌]Securityengineer 영입,https://www.saramin.co.kr/zf_user/jobs/relay/view?view_type=search&rec_idx=53607704&location=ts&searchword=security&searchType=search&paid_fl=n&search_uuid=ab5708b7-ed8d-484f-8ad9-6501c338f24d
사람인,엔시큐어(주),보안솔루션 엔지니어 (NonameSecurity) 경력,https://www.saramin.co.kr/zf_user/jobs/relay/view?view_type=search&rec_idx=53621188&location=ts&searchword=security&searchType=search&paid_fl=n&search_uuid=ab5708b7-ed8d-484f-8ad9-6501c338f24d
사람인,피플워크(주),Chief InformationSecurityOfficer (CISO )- 외국계럭셔리기업,https://www.saramin.co.kr/zf_user/jobs/relay/view?view_type=search&rec_idx=54080389&location=ts&searchword=security&searchType=search&paid_fl=n&search_uuid=ab5708b7-ed8d-484f-8ad9-6501c338f24d
사람인,주식회사라피플코리아리미티드,Chief InformationSecurityOffice (CISO),https://www.saramin.co.kr/zf_user/jobs/relay/view?view_type=search&rec_idx=53974288&location=ts&searchword=security&searchType=search&paid_fl=n&search_uuid=ab5708b7-ed8d-484f-8ad9-6501c338f24d
사람인,매버릭컨설팅㈜,CYBERSECURITYOFFICER (정보보안 관리자),https://www.saramin.co.kr/zf_user/jobs/relay/view?view_type=search&rec_idx=54080780&location=ts&searchword=security&searchType=search&paid_fl=n&search_uuid=ab5708b7-ed8d-484f-8ad9-6501c338f24d
사람인,터닝포인트HR,보안솔루션 OffensiveSecurity영업 7-15년차,https://www.saramin.co.kr/zf_user/jobs/relay/view?view_type=search&rec_idx=54059992&location=ts&searchword=security&searchType=search&paid_fl=n&search_uuid=ab5708b7-ed8d-484f-8ad9-6501c338f24d
